Unicare Hospitals — Competitor Analysis & Digital Growth Strategy,
Prepared by Brilliant Brains AI Digital Marketing Agency  |  April 2026,
,
CLIENT SNAPSHOT,
Brand,Unicare Hospitals
Category,Mid-sized premium neighbourhood multi-specialty hospital (35–50 beds)
Location,"Kokapet, Hyderabad — 7–10 km catchment (Narsingi, Nanakramguda, Gachibowli, Manikonda, Puppalaguda, Financial District)"
Flagship Verticals,"Obstetrics & Gynaecology, Neonatal & Paediatrics, General Medicine, General Surgery, Orthopaedics"
Expansion (6–12 mo),"ENT, Pulmonology"
Positioning,"Premium family healthcare close to home — 'doctors and facilities of a tertiary hospital, with the warmth of a neighbourhood clinic'"
Target Audience,"Age 25+, middle and upper-middle income families; IT professionals, young parents, corporate employees"
Consultation Fee,₹600+
Key Gap vs Market,No 24x7 emergency/casualty unit; govt schemes (Ayushman/CGHS) not empaneled
Key Strength,Founder-doctors as face of brand; premium facilities at neighbourhood scale; TPA empanelment planned
,
THE STRATEGIC OPPORTUNITY,
"West Hyderabad has polarised into two hospital categories — large tertiary brands (Continental, AIG, Care, KIMS, Medicover, Rainbow) competing on scale and super-specialties, and budget/mid-market hospitals competing on price. There is a clear white space for a premium but trusted NEIGHBOURHOOD hospital that combines tertiary-grade doctors and equipment with hyperlocal convenience, predictable pricing, and a warm family-first experience. Unicare's 35–50 bed format in Kokapet sits directly inside this gap — but the market's incumbents already dominate the 'women & child' and 'trauma' SEO keywords that our flagship services compete for. Winning will require a focused local-SEO + founder-doctor content flywheel rather than broad awareness spend.",
,
HEADLINE RECOMMENDATIONS (full detail on Sheet 6),
1,Own the 'Kokapet / Narsingi / Puppalaguda + specialty' long-tail keywords before Medicover's 550-bed Kokapet launch saturates them.
2,Build founder-doctor personal brands on Instagram Reels + YouTube Shorts — the biggest moat incumbents cannot copy quickly.
3,Launch 'Unicare Family Health Passport' — bundled maternity + paediatric + annual preventive package as the signature differentiator.
4,Signal trust aggressively: target 500+ Google reviews in the first 12 months via a structured post-discharge ask-and-recover flow.
5,"Position around the 'no emergency' weakness honestly — market as a scheduled / same-day-care premium hospital, partner with a nearby 24/7 trauma centre for handoffs."