Competitor Analysis — Kokapet / West Hyderabad Catchment,,,,,,,,,,,,,,,,,,
"11 competitors analysed across 17 strategic dimensions. Pricing bands, traffic estimates and follower counts marked [Est.] are analyst approximations based on observable signals.",,,,,,,,,,,,,,,,,,
,,,,,,,,,,,,,,,,,,
Competitor,Website,Type,Business Model,Target Audience,Core Services / Products,Pricing (Budget/Mid/Premium),USP,Key Marketing Channels,SEO Insights,Paid Ads Insights,Social Media Presence,Content Strategy,Website Funnel Analysis,Customer Reviews & Reputation,Estimated Traffic,Strengths,Weaknesses,Gap We Can Leverage
Continental Hospitals,continentalhospitals.com,Indirect (tertiary anchor),"Quaternary super-specialty hospital, 585 beds, JCI/NABH/NABL accredited","Upper-middle to HNI families, international patients, complex-case referrals, corporate employees","50+ specialties incl. Cardiology, Oncology, Gastro, Neurosciences, Ortho, Women & Child, Emergency, Organ Transplant",Premium,"JCI-accredited quaternary care, international-standard campus, 'Centers of Excellence' institute model","SEO, Google Ads, Meta, LinkedIn, YouTube, medical-tourism aggregators (Practo, Credihealth, Bookimed)",Domain authority ~50+; ranks top-3 for 'multispecialty hospital Gachibowli'; active blog with 200+ disease-education articles; strong 'specialty + Hyderabad' rankings,"Heavy Google Ads on cardiology, oncology, transplant keywords; retargeting pixels active; international-patient landing pages; funnel is enquiry-form + call-back","Facebook ~150K likes, Instagram ~40K, LinkedIn ~70K; video-heavy: patient testimonials, 'ask the doctor', surgical case studies","Authority-building + case-study-driven; heavy on condition-specific long-form; 'Institute' micro-brands (Continental Institute of Cancer, etc.)",Multiple specialty-specific landing pages; chat widget; appointment-booking CTA on every page; insurance list prominently displayed,"4.5 / 5 across 25,000+ Google reviews; praised for quality & ambience; complaints on billing/wait times",High [Est. 250K+ monthly visits] — branded search dominates,"Scale, accreditations, international-patient funnel, complete specialty coverage, strong referral network",Impersonal 'corporate hospital' feel; premium pricing perceived as unapproachable for routine care; far for Puppalaguda/Narsingi residents,They own complex cases — we own routine family care. Position as 'Continental-grade doctors without the 585-bed intimidation factor'.
AIG Hospitals,aighospitals.com,Indirect (super-specialty anchor),"800-bed super-specialty, JCI Gold Seal, 8 Centers of Excellence","Patients with GI/liver/kidney/cardiac specialty needs, transplant candidates, Tier-2/3 referrals, corporates","Gastroenterology (flagship), Liver Sciences, Organ Transplant, Pulmonary, Renal, Oncology, Cardiac, Metabolic",Premium,India's foremost gastroenterology hospital — Dr D Nageshwar Reddy personal brand halo,"SEO, YouTube, Google Ads, Medical-tourism platforms, referral network","Ranks #1 for 'gastroenterologist Hyderabad', 'liver hospital India'; strong academic-style content; citations from PubMed / medical journals",Moderate Google Ads spend (condition-specific); low Meta presence; B2B referral marketing dominates,"Facebook ~350K, Instagram ~80K, YouTube 100K+; Dr Nageshwar Reddy's personal content drives most engagement",Thought-leadership + academic authority; 'Doctors in media' reel-ups; heavy international conference coverage,"Minimal conversion optimisation on website; authority-first, lead-capture second; relies on inbound reputation","4.1 / 5 across 20,000+ Google reviews; elite reputation in GI/liver, mixed on non-specialty admin",Very High [Est. 400K+ monthly visits] — specialty keyword dominance,"Unmatched specialty depth, founder personal brand, accreditations","Narrow specialty focus — GI/liver dominant, women & child not a priority vertical; overkill for routine neighbourhood care",Their focus on complex GI leaves zero competition in Kokapet for bread-and-butter OB/paediatrics. We win on proximity + warmth.
Citizens Specialty Hospital,citizenshospitals.com,Direct,"300-bed multi-specialty, full-continuum OPD + IPD, 3+ acre campus","Upper-middle families in Nallagandla/Lingampally/Tellapur, corporate employees, walk-ins from west Hyderabad","Anaesthesia, Bariatric, Cardio, Haematology/BMT, Emergency, ENT, Head & Neck, Family Medicine, Neuro, OB/Gyn, Oncology, Ortho, Paeds, Pulmonology",Premium,Full-stack tertiary care in west Hyderabad with 24x7 emergency and Da Vinci robotic surgery,"SEO, Google Ads, Meta, LinkedIn, Justdial/Practo listings","Moderate domain authority; ranks for 'hospital Nallagandla', 'multi-specialty Serilingampally'; blog is thin (< 50 posts)",Active Google Ads on 'hospital near me Nallagandla'; low-budget Meta creative; promo-led (health check-up offers),"Facebook ~80K, Instagram ~25K, LinkedIn ~15K; inconsistent posting cadence; mostly event/CSR content",Mix of promotional offers + doctor-intro posts; low educational depth; weak video strategy,Standard lead form + phone CTA; health check-up packages are the primary lead magnet; 5 package tiers,"~4.0 / 5 on Justdial with 15,000+ ratings; mixed — praise for tech + complaints on long waits and staff responsiveness",Medium-High [Est. 70K–100K monthly visits],"Technology (Da Vinci robot, HIPEC), proximity to Unicare catchment, 24x7 emergency, NABH","Reported patient-service complaints (wait times, non-responsive staff); thin content marketing; generic brand voice","Their service inconsistency is our opening — Unicare must industrialise 'patient response SLAs' and market them explicitly (e.g. 'doctor call-back within 2 hours, guaranteed')."
Arete Hospitals,aretehospitals.com,Direct,"250-bed premium multi-specialty/quaternary, launched 2023","Gachibowli IT crowd, upper-middle, premium seekers across west Hyderabad","Neurosciences, Spine, Nephrology, Endocrine, Gynae, Ortho, Cardiac, Oncology, Critical Care, Psychiatry, Plastic",Premium,Newest premium hospital in Gachibowli with 'quaternary care' promise at a neighborhood-convenient location,"SEO, Google Ads, Meta, LinkedIn, Doctor PR",New domain (2023) building authority quickly; ranks for neuro/spine + 'Gachibowli'; regular blog + doctor interview articles,Aggressive Google Ads during launch year; branded-search capture strong; health check-up landing pages with UTM tracking,"Facebook ~40K, Instagram ~15K, LinkedIn ~10K; polished video content; doctor interview series",Authority-building via named doctor personalities; launch-phase awareness content; thought-leadership pieces,"Modern UX, online appointment booking, 'book a tour' CTA, clear department landing pages, live chat","4.7 / 5 across ~6,000 Google reviews — strongest rating in west Hyderabad (benefit of a fresh launch)","Medium [Est. 60K–80K monthly visits, growing]","Brand new infrastructure, strong launch PR, best rating on Google, very tech-savvy UX",Positioning still forming; high launch spend not sustainable; neuro/spine focus not aligned with young-family demand; no maternity halo,Their neuro/spine focus means women & child is a secondary vertical — we can become the default OB/paeds choice they never will.
Himagiri Hospitals,himagirihospitals.com,Direct,"Mid-sized multi-specialty since 2013, NABH-accredited","Middle/upper-middle families in Gachibowli/Madhapur, OPD walk-ins, routine admissions","OB/Gyn, Int. Medicine, Gastro, Ortho, Neuro, Gen Surgery, Nephro, Neurosurgery, Ophtha, Paeds/Neonatal, Physio, Pulmo, Urology, ENT, Emergency",Mid to Premium,Full-spectrum multi-specialty at mid-market pricing in the heart of Gachibowli,"SEO, Justdial, Practo, Meta basic, WhatsApp","Decent ranking for 'hospital Gachibowli', 'hospital Stadium Road'; thin blog; Practo/Justdial drive ~40% of leads",Low Google Ads spend; directory-heavy (Justdial/Practo/Sulekha/Lybrate); no retargeting observed,"Facebook ~40K, Instagram <10K, LinkedIn minimal; mostly offer/discount posts; low video output",Promotional + offer-driven; weak educational content; generic stock imagery,Basic website; appointment form + WhatsApp CTA; no obvious conversion optimization; slow mobile load,"4.2 / 5 across 6,500+ ratings — mixed reviews, some doctor-specific complaints mentioning rudeness","Medium [Est. 40K–60K monthly visits, largely directory-driven]","NABH-accredited, established 12+ years, broad specialty coverage, mid-market pricing","Weak content marketing, outdated website UX, inconsistent doctor behaviour in reviews, dated branding",They haven't evolved digitally — we can leap-frog them with a modern-UX website + Reels-first founder-doctor content.
Pranaam Hospitals,pranaamhospitals.com,Direct,"150-bed multi-specialty, NABH + NABL accredited, est. 2004, chain of 3 units","Middle-income families in Madinaguda, Miyapur, Kukatpally, Nizampet","Paeds + Paed-Surgery, OB/Gyn, Dental, Gastro, Gen Surg/Med, Cardio, Neuro, Neurosurg, Ortho, Onco, Uro/Nephro, Laparoscopic, Physio, Dietetics, ENT, Endocrine, Pulmo, Plastic, Radiology, Neonatology, Prenatal Yoga, Critical Care",Mid,"Established trust + broad specialty coverage at mid-market pricing, strong maternity/paeds reputation","SEO, Practo, Meta, Google My Business, WhatsApp","Strong 'hospital Madinaguda' / 'hospital Miyapur' rankings; has location sub-pages; content is service-page heavy, low blog volume",Minimal paid spend; relies on GMB + directory listings; occasional Meta lead-gen campaigns around maternity packages,"Facebook ~40K, Instagram ~8K; content cadence is inconsistent; weak video presence",Promotional + camp-driven (free health camp posts dominate); low thought-leadership,Standard appointment form; prenatal yoga + maternity package landing pages are well converting; WhatsApp click-to-chat,"4.0 / 5 with 5,000+ ratings; 'happy deliveries' positive, 'high costs vs competitors' as friction",Medium [Est. 35K–55K monthly visits],"20+ years of trust, broad services, maternity reputation, multi-unit chain advantage","Geographically not in Kokapet catchment, dated branding, weak digital content, inconsistent UX",Not a direct geographic overlap but steals maternity/paeds mindshare in west Hyderabad — we counter with a Kokapet-native brand narrative.
Rainbow Children's Hospital (Financial District),rainbowhospitals.in,Direct (women & child flagship),Chain of 19 specialty hospitals; Financial District unit launched 2023; listed on NSE/BSE,"Upper-middle to HNI expectant parents, paediatric patients across west Hyderabad","Paeds, Neonatology, Paed Pulmonology, Paed Neuro, Paed Nephro, Paed Hemato-Onco, OB/Gyn (BirthRight), High-risk pregnancy, Fetal medicine",Premium,India's leading paediatric & maternity specialty chain — 'BirthRight' brand is the gold standard in Hyderabad for delivery experience,"SEO, Google Ads (heavy), Meta (heavy), YouTube, Influencer marketing (mommy bloggers), Email, App","Very high domain authority; dominates 'best children hospital Hyderabad', 'maternity hospital near me', 'paediatrician' keywords; 500+ pieces of content",High Google Ads spend on maternity packages; Meta lead-gen funnels at scale; influencer partnerships with 20+ Hyderabad mommy creators; YouTube pre-roll on parenting content,"Instagram ~51K (brand), Facebook ~160K likes, LinkedIn ~71K; heavy Reels output; doctor-Q&A lives; patient stories",Educational + community-building; parenting app; 'Rainbow Cares' blog; strong video content pipeline,"Specialty-specific landing pages (prenatal packages, NICU, vaccination calendar); app download CTA; chatbot; online package purchase","4.4 / 5 from 750+ Google reviews (unit-level); 'exceptional post-delivery care', 'skilled doctors'; wait-times the main complaint",Very High [Est. 500K+ monthly across all units],"Brand equity in paeds & maternity, chain scale, influencer network, high-quality content engine, listed-company resources",Premium pricing ~30–50% higher than market; BirthRight package starts ₹1.2L+ for normal delivery — excludes aspirational middle-income segment,Their premium pricing leaves a ₹60K–₹1L normal delivery band open. Position Unicare as 'Rainbow-quality care at 40% less' for the budget-conscious upper-middle family.
Ankura Hospitals,ankurahospitals.com,Direct (women & child),"Super-specialty women & children chain, 110 beds Gachibowli unit, 36 specialist doctors","Expectant mothers and paediatric families in Gachibowli, Manikonda, Kokapet, Financial District","OB/Gyn, Neonatology, Paeds (16 sub-specialties), 25 Level-III NICU beds, 12 Level-III PICU beds, Menstrual/Infertility, Painless delivery",Mid to Premium,"Dedicated women & children super-specialty with Level-III NICU/PICU, founder-neonatologist credibility","SEO, Meta (strong), Google Ads, Instagram influencers, WhatsApp",Good ranking on 'women and child hospital Gachibowli'; active blog; doctor-credential pages; 'Ankura doctors' SEO farms,Strong Meta presence; Instagram Reels with neonatologists; Google Ads on 'maternity hospital' long-tail; WhatsApp lead-gen,"Instagram 60K+, Facebook 100K+, YouTube moderate; relatable mom-and-baby content; doctor reels; pregnancy-week milestones","Education-first (pregnancy weeks, baby feeding, vaccine schedules); strong community tone; founder-doctor visibility","Package-led site (antenatal, postnatal, IVF, vaccination); WhatsApp consultation; online appointment; testimonial carousels",~4.4 / 5 across platforms; strong for neonatal/NICU outcomes; occasional billing complaints,High [Est. 200K+ monthly visits],"Focused specialty, strong founder-doctor brand, superior NICU/PICU, educational content engine, geographic overlap",Narrow focus — no general medicine/surgery/ortho; expecting families may still need a multi-specialty option,"They excel at women & child only. Unicare offers a 'one-family, one-hospital' story: OB/paeds + GenMed/Surgery/Ortho for other family members under one roof."
Apollo Cradle & Children's (Jubilee Hills),apollocradle.com,Direct (women & child),Apollo Group specialty boutique; 42-bed maternity + paeds unit,"HNI expectant mothers across Jubilee Hills, Banjara Hills, Gachibowli","Maternity, Level-III NICU (from 550g babies), Paeds, High-risk pregnancy, Post-natal, Birthing suites",Premium to Super-Premium,"Apollo Group's boutique maternity + children's hospital — 50+ specialist panel, brand halo of Apollo","SEO, Google Ads, Meta, LinkedIn, Email, Apollo Group cross-promo, Apollo 24|7 app","Apollo domain halo gives huge SEO advantage; ranks for 'Apollo maternity Hyderabad', 'Apollo Cradle Jubilee Hills'; strong group backlink profile",Heavy Google Ads on maternity packages; Meta campaigns integrated with Apollo 24|7; retargeting via Apollo group pixels,Instagram (Apollo Hospitals brand) 200K+; Cradle sub-brand smaller; campaign-heavy content,Brand-halo + premium lifestyle positioning; celebrity doctor content; package-led storytelling,Integrated with Apollo 24|7 booking; package sales prominent; insurance & corporate desk clearly listed,"Mixed: 4.2 / 5 average; praise for doctors, concerns about outdated rooms & washrooms, pricing perceived high",High [Est. 150K+ monthly visits — boosted by Apollo halo],"Apollo brand power, 50+ specialist panel, Level-III NICU, pan-India referral flow",Facility age/condition complaints (outdated rooms); premium pricing; Jubilee Hills location is 12+ km from Kokapet,"Tired infrastructure and distance = Unicare wins on 'new, premium, 5 km away'. Create side-by-side package-price comparison content (where compliant)."
Medicover Hospitals,medicoverhospitals.in,Indirect → Direct (imminent),"250-bed Hitec City + 550-bed new Kokapet unit announced; international chain (Medicover, Europe)","Entire west Hyderabad middle/upper-middle, IT professionals, corporate insurance users","23 specialties incl. Cardio, Onco, Gastro, Nephro, Paeds, Uro, Derma, Plastic, Ortho, Neuro, Int. Med, Gyn, Pulmo, ENT, Dental, Radiology, Liver Transplant",Mid to Premium,International (European) healthcare chain bringing 550-bed flagship to Kokapet — major imminent disruption,"SEO, Google Ads (heavy), Meta, LinkedIn, YouTube, Medical tourism, Offline print","Strong authority; ranks for 'hospital Hitec City', 'maternity Hyderabad', 'Medicover + city' keywords; structured content hubs per specialty",Heavy Google Ads + Meta lead-gen across specialties; launch campaigns for Kokapet expected at full force through 2026,"Instagram 40K+, Facebook 150K+, LinkedIn 80K+; strong video ops; YouTube brand channel active",Authority + campaign-heavy; structured content hubs; 'Women & Child' sub-brand microsite,"Multi-path conversion (call, WhatsApp, book online, enquire package); insurance & cashless process prominent","4.2 / 5 on Hitec City unit with 8,000+ ratings; generally positive",Very High [Est. 300K+ monthly visits nationally] — Kokapet unit will surge from launch,"Deep pockets, chain scale, international brand, imminent 550-bed Kokapet unit, full specialty coverage",Corporate/impersonal feel; launch may take 12–18 months to reach steady-state; new unit trust-building takes time,Beat them to the local SEO / Google reviews / founder-doctor personal brand game BEFORE their Kokapet unit opens — incumbency on digital is defensible.
CARE Hospitals (HITEC City & Banjara Hills),carehospitals.com,Indirect,"220-bed HITEC City + 435-bed Banjara Hills units; Blackstone-backed large chain (17 hospitals, 7 cities)",Upper-middle to HNI families across Hyderabad; cardiac/complex-case patients,"30+ super-specialties; flagship cardiology; paeds cardio, neuro, neurosurgery, nephrology, urology",Premium,Cardiology-led super-specialty chain with first dual-source 128-slice CT in south India,"SEO, Google Ads, Meta, LinkedIn, YouTube, TV/Print (Hyderabad), Medical tourism",High authority; dominates 'cardiac hospital Hyderabad'; extensive content on heart conditions; academic articles,Moderate Google Ads across specialties; Meta campaigns around heart-health camps; LinkedIn B2B for corporate tie-ups,"Facebook 200K+, Instagram 30K, LinkedIn 50K; doctor-led videos; CSR/camp content",Specialty authority + camp/community content; mixed tone (corporate + human),Specialty-specific pages; package prominently featured; cashless insurance list; doctor booking,"4.3 / 5 average; strong reputation for cardiac, mixed on admin; 180K OPD + 16K IPD per year (Banjara Hills)",Very High [Est. 400K+ monthly visits],"Cardiac halo, tech capex, multi-unit scale, strong doctor brands (Dr B Soma Raju founder)",Not in Kokapet catchment directly; focus on complex care means routine care is secondary; older Banjara Hills facility,"They own complex cardiac — we own routine family + women/child. Position Unicare as first port of call, Care as referral destination."