Untapped Growth Opportunities,,,,,
Prioritised by effort vs impact for a 35–50 bed premium neighbourhood hospital.,,,,,
,,,,,
#,Opportunity,Why It Works,Primary Channel(s),Effort,Impact
1,Capture 'Kokapet + specialty' long-tail SEO,Zero competitors own these queries today; Medicover's Kokapet unit launches 12–18 mo from now. First-mover wins domain authority.,"SEO, Local SEO, GMB, Blog",Low,High
2,Founder-doctor Instagram Reels + YouTube Shorts,"Biggest differentiator vs corporate hospitals; humans trust humans, not brands.","Instagram, YouTube, LinkedIn",Med,Very High
3,Publish maternity + health-checkup package prices openly,No one does this — becomes headline trust signal.,"Website, SEO, Meta Ads",Low,High
4,<15-minute OPD wait guarantee + digital queue,Addresses the #1 complaint across all competitors; easy to market.,"Website, Meta Ads, WhatsApp",Med,High
5,Bilingual 'Amma Diary' pregnancy content (Eng + Telugu),"Hyperlocal, under-served, high-engagement content — builds following fast.","Instagram Reels, WhatsApp, YouTube Shorts",Low,High
6,Unicare Family Health Passport,Bundled maternity + paeds + annual preventive — family-centric pricing drives LTV.,"Website, Meta Ads, Corporate tie-ups",Med,Very High
7,Partner GP Network + referral dashboard,Local GPs are the biggest under-tapped B2B channel in healthcare.,Offline relationship + CRM,High,High
8,"Corporate Health Partnership with IT campuses (Microsoft, TCS, Amazon, Deloitte)",Kokapet is walking distance to 30K+ corporate employees; no competitor has saturated this.,"LinkedIn, Corporate HR outreach, Email",Med-High,Very High
9,WhatsApp Business API with <15-min response SLA,Turns every digital lead into a same-day appointment; 5x conversion vs form fills.,"WhatsApp, Meta Ads, Website",Low,High
10,'Parents' Health Passport' for NRI decision-makers,"NRIs in US/UK pay for their elderly parents' healthcare — premium-priced, low-volume, high-margin.","Meta Ads (geo-targeted), Google Search Ads, Email",Med,Medium-High
11,"Community wellness events (monthly, free)","Kokapet catchment is young, health-conscious; builds brand love + local PR.","Instagram, WhatsApp Community, Local press",Med,High
12,"Google review generation system (QR-at-discharge, WhatsApp flow)",4.5+ rating + 500 reviews = top of map pack.,"Offline SOP, WhatsApp",Low,Very High
13,Telemedicine follow-up via WhatsApp Video,No app friction; doubles post-discharge retention; positions Unicare as tech-forward.,"WhatsApp, CRM",Low,Medium
14,SEO-optimised doctor bio pages (one per doctor),Named-doctor queries drive 20–30% of direct appointment bookings for premium hospitals.,"SEO, Website, LinkedIn",Low,High
15,Launch a 'Kokapet Mom Tribe' private WhatsApp / Telegram community,Community-led growth compounds; current mothers become referrers for future mothers.,"WhatsApp, Instagram",Med,High