"Market Trends, Patterns & Signals",,
"Observed from competitor sites, GMB listings, ad libraries, social profiles and 2026 healthcare marketing studies.",,
,,
DEMAND-SIDE TRENDS (what patients are doing),,
Trend,Observation,Implication for Unicare
Local SEO is THE battleground,Every competitor ranks for 'hospital + locality' queries. 'Near me' searches drive 40–60% of first appointments in healthcare (2026 industry studies).,"Kokapet has no hospital brand owning 'hospital Kokapet', 'maternity Kokapet', 'paediatrician Kokapet' yet. Capture this before Medicover's Kokapet launch."
Video-first content (Reels + Shorts),"Ankura, Rainbow, Arete all pushing doctor-led Reels; educational + relatable tone; 2–3 posts/week minimum.","Founder-doctors are our biggest moat. Launch a weekly Reels calendar from Day 1 — educational first, promotional second."
Patient reviews = conversion currency,"Arete (4.7), Rainbow (4.4) and Continental (4.5) dominate local pack. Clinics with 100+ reviews & 4.5+ rating capture 70%+ of map-pack clicks.",Target 500+ Google reviews in year 1 via structured post-discharge ask-flow + QR codes on discharge summaries.
Package-led conversion,"Every competitor sells packages (maternity, health check-up, annual). Package pages convert 3–5x better than general pages.",Build 'Family Health Passport' + 'Mother & Baby Platinum' + 'Executive Well-Woman' packages with transparent pricing.
WhatsApp as primary lead channel,Click-to-WhatsApp on every competitor's mobile site; response SLAs 5–30 min; WhatsApp Business API lead-routing common.,Deploy WhatsApp Business API from Day 1 with sub-15-minute response SLA — and market that SLA.
Founder-doctor personal brand,"Dr Nageshwar Reddy (AIG), Dr Guru Reddy (Continental), Dr Krishna Prasad (Ankura) all leverage personal brand for pull. Patients follow doctors, not hospitals.",Unicare's practicing-founder setup is rare. Each founder-doctor should have their own Instagram (handle-led) + LinkedIn + YouTube Shorts.
Corporate tie-ups as B2B acquisition,"Medicover, Care, Continental run dedicated corporate desks and health-check events on office campuses.","Kokapet has Microsoft, TCS, Amazon, Deloitte campuses within 5 km. Build a Corporate Health Partnership team in quarter 2."
Insurance/TPA empanelment is table stakes,Every competitor lists 50+ TPAs. Cashless is now expected in 2026.,Fast-track TPA empanelment; publish cashless-TPA list on homepage and above-the-fold in Facebook ads.
Telemedicine normalised,"Apollo, Medicover, Continental all run branded telemed via app or web; ~5–10% of OPDs now digital.",Offer lightweight telemed via WhatsApp video for follow-ups — no app needed; frictionless differentiator.
YMYL content scrutiny (Google E-E-A-T),"Generic hospital content ranks poorly. Google prioritises named-author articles (doctor by-line), credentials, structured FAQs.",All blog content must be authored (and photographed) by a named doctor; schema mark-up for MedicalOrganization + Physician.
,,
COMMON PATTERNS ACROSS COMPETITORS (sameness traps),,
Pattern,Observation,Implication for Unicare
Every competitor over-claims breadth,"50+ specialties, 24×7 this, 30 departments that — creates sameness; patients can't distinguish.",Lead with NARROW expertise: 'Hyderabad's best OB/paediatric neighbourhood hospital' > 'multi-specialty'.
Generic brand language,"Most use the same phrases: 'compassionate care', 'world-class', 'excellence'. Reviews show actual experience is uneven.","Use specific, provable claims: 'Founder-doctor sees every first consult', 'Doctor call-back guaranteed in 2 hours', 'Zero-wait OPD for antenatal patients'."
Poor mobile UX + slow sites,"Himagiri, Pranaam, Citizens all score <70 on PageSpeed; large hero images, no CTA above the fold, broken WhatsApp buttons.",Unicare's site must score 90+ on mobile PageSpeed; WhatsApp + Call CTAs always visible; appointment flow ≤3 steps.
Inconsistent doctor posts,Many hospitals post only 1–2x a week; no content system; doctors' LinkedIns abandoned.,"Build a 30-day content operating system: 12 reels, 8 carousels, 4 long-form blogs, 4 GMB posts per month."
Weak lead-magnet offers,Most lead forms ask for name + phone with no value exchange. Conversion stays low.,"Offer real lead magnets: 'Free pregnancy nutrition plan', 'Free paediatric vaccination tracker', 'Free posture assessment for WFH professionals'."
No referral infrastructure for GPs,Local GPs are the biggest referral source but no competitor has a formal GP referral programme.,"Launch 'Unicare Partner GP Network' — monthly CME dinners, referral dashboard, unified digital case-notes."
,,
GAPS IN COMPETITOR STRATEGIES (where no one is looking),,
Gap,Observation,Implication for Unicare
No premium mid-sized neighbourhood play in Kokapet,Kokapet's hospitals are either corporate 300+ bed giants or small nursing homes. No one is 'premium but 40 beds'.,Unicare already owns this slot — now MARKET it with that exact language.
Poor first-time mother content in English + Telugu,Rainbow and Ankura own English; hyperlocal Telugu pregnancy content is under-served.,Publish a weekly bilingual Reels series 'Amma Diary / Mother's Diary' in Telugu + English.
Transparent pricing almost absent,Package prices not listed publicly; patients must call. Friction kills young-family conversion.,Publish maternity package prices on website — be the only hospital brave enough to do so.
No 'zero-wait OPD' positioning,Every review mentions long wait times as the #1 complaint.,Guarantee <15-min OPD wait with visible digital queue; advertise it relentlessly.
Corporate tie-ups treated transactionally,"Competitors sell corporate cards, not wellness experiences.","Launch 'Unicare at Work' — on-campus antenatal classes, paediatric vaccination drives for employee families, WFH ergonomic workshops."
Diaspora / NRI family segment ignored,Many Kokapet residents have parents living with them after children relocate. No competitor markets to NRI/return-to-India decision-makers.,Run 'Parents' Annual Health Passport' campaigns targeted at NRI-targeted geos with a video-consult follow-up mechanism.
Pet-parent / wellness crossovers absent,Kokapet is a young-family / pet-parent catchment; no hospital has tapped community wellness beyond pregnancy.,"Host monthly community events: 'Breathing Well for Indoor-Pollution Kokapet', 'Hypertension for IT professionals', 'Post-partum mental health'."