Unicare Hospitals — Keyword Research Master Summary,,,,,
"All Departments | Local SEO + Google Ads + GMB | Kokapet, Narsingi, Financial District, Gachibowli",,,,,
,,,,,
Department,Sheet,Total Keywords,Top Priority Keywords,Key Competitor Targets,Primary Use
Hospital (General),🏥 Hospital (All),19,"hospital near me Kokapet, Unicare Hospitals, hospital Financial District","Medicover, Continental, Citizens, Pranaam",SEO + Ads + GMB + Branded
Gynaecology & OB,🤰 Gynaecology & OB,23,"gynaecologist Kokapet, maternity hospital Kokapet, PCOS treatment","Cloudnine, Ankura, KIMS Cuddles, BirthRight",SEO + Ads + GMB
Maternity,👶 Maternity,16,"maternity hospital Kokapet, delivery hospital, painless delivery","Cloudnine Gachibowli, Ankura Hospital",SEO + Ads + GMB
Paediatrics,🍼 Paediatrics,15,"paediatrician Kokapet, child specialist, child vaccination","Ankura Gachibowli, Medihub Kokapet",SEO + GMB + Ads
Orthopaedics,🦴 Orthopaedics,16,"orthopaedic Kokapet, knee pain, back pain specialist","Continental Gachibowli, KIMS, CARE Hospitals",SEO + Ads
General Medicine,💊 General Medicine,17,"doctor near me Kokapet, general physician, diabetes doctor","Medihub Clinics, Dr Singh Clinic Kokapet",SEO + Ads + GMB
General Surgery,🔪 General Surgery,12,"laparoscopic surgery Kokapet, hernia surgeon, general surgeon","Continental, Citizens Specialty",Ads + SEO
ICU & Critical Care,🏥 ICU & Critical Care,8,"ICU hospital Kokapet, critical care, emergency hospital","Medicover, Continental, Citizens",Ads + GMB (urgent bidding)
Diagnostics & Lab,🔬 Diagnostics & Lab,12,"blood test Kokapet, ultrasound, pregnancy scan","SRL Diagnostics, AmPath, Medihub",GMB + SEO
TOTAL: 138 keywords across 9 departments,,,,,
,,,,,
HOW TO USE THIS SHEET,,,,,
,,,,,
Priority 5 (Dark Green),Bid immediately in Google Ads. Optimise GMB category and description. Build dedicated landing page.,,,,
Priority 4 (Teal),Include in Ad groups. Add to GMB posts. Target with blog content within 60 days.,,,,
Priority 3 (Amber),SEO content calendar — 1 article per keyword cluster per month.,,,,
Competition: Low,These are blue ocean keywords — own them NOW before competitors wake up.,,,,
Competition: Med/High,"Needs higher bids + strong landing pages + trust signals (reviews, doctor photos).",,,,
Type: Competitor,Set up conquesting campaigns in Google Ads. Use in Meta remarketing audiences too.,,,,
Type: Local SEO,Build a dedicated local landing page (e.g. /gynaecologist-in-kokapet/). Optimise GMB with these exact terms.,,,,
Type: Condition,Create patient-friendly blog posts answering these queries. AEO optimisation for Google SGE.,,,,
GMB Optimisation,"Add every Priority 4–5 keyword to: GMB category, services, description, and weekly GMB posts.",,,,
Volumes Note,Volumes are estimated monthly searches for Hyderabad metro. Hyperlocal (Kokapet/Narsingi) = 20–40% of city volume.,,,,
